Asuna,,
Cryo,,
Bang,,
Timotino,,
Vora,,
Ethan,,
keiko,,
brawk,,
mada,,
skuba,,
lukxo,,
Darker,,
Virtyy,,
erde,,
cauanzin,,
saadhak,,
mwzera,,
silentzz,,
Less,,
Dantedeu5,,
valyn,,
jawgemo,,
BABYBAY,,
trent,,
leaf,,
zekken,,
tex,,
Mazino,,
Verno,,
aspas,,
kiNgg,,
spike,,
blowz,,
Neon,,
Sato,,
Xeppaa,,
v1c,,
Zellsis,,
Jackk,,
johnqt,,
Reduxx,,
Jerrwin,,
cortezia,,
JonahP,,
P0PPIN,,
Eggster,,
Demon1,,
Rossy,,
keznit,,
C0M,,
supamen,,
bao,,
Okeanos,,
dgzin,,
artzin,,
nerve,,
eeiu,,
koalanoob,,
alym,,
